BusinessEntityID,PersonType,NameStyle,Title,FirstName,MiddleName,LastName,Suffix,EmailPromotion,AdditionalContactInfo,Demographics,rowguid,ModifiedDate
4832,,,,Jackson,,Shan,,,,,,
11528,,,,Alyssa,,Miller,,,,,,
7927,,,,Levi,,Raman,,,,,,
15943,,,,Robert,R,Roberts,,,,,,
20622,,,,Kaitlyn,,Powell,,,,,,
17128,,,,Jordan,C,King,,,,,,
6169,,,,Robert,J,Diaz,,,,,,
7227,,,,Jocelyn,,Coleman,,,,,,
15748,,,,Jose,,Collins,,,,,,
8138,,,,Makayla,W,Torres,,,,,,
19926,,,,Nicole,,Peterson,,,,,,
19856,,,,Jasmine,C,Long,,,,,,
15860,,,,Allen,,Subram,,,,,,
7484,,,,Dominique,L,Prasad,,,,,,
13646,,,,Edward,,Hughes,,,,,,
3013,,,,Amanda,,Peterson,,,,,,
11649,,,,Marshall,A,Rai,,,,,,
12706,,,,Omar,,Gao,,,,,,
17139,,,,Eric,,King,,,,,,
18743,,,,Michael,M,Thompson,,,,,,
